WeatherPy_Database,City,Country,Lat,Lng,Max Temp,Humidity,Cloudiness,Wind Speed,Current Description
0,Albany,US,42.6001,-73.9662,49.41,78,100,1.88,overcast clouds
1,Severo-Kurilsk,RU,50.6789,156.125,53.46,72,98,15.28,overcast clouds
2,Rikitea,PF,-23.1203,-134.9692,71.35,66,100,19.53,overcast clouds
3,San Luis,AR,-33.295,-66.3356,68.11,31,1,12.68,clear sky
4,Puerto Ayora,EC,-0.7393,-90.3518,65.55,94,41,4.0,scattered clouds
5,Bengkulu,ID,-3.8004,102.2655,77.76,86,100,3.2,overcast clouds
6,Kyren,RU,51.6828,102.1408,30.85,51,67,0.83,broken clouds
7,Meadow Lake,US,34.8014,-106.5436,68.11,84,56,12.55,light rain
8,Port-Gentil,GA,-0.7193,8.7815,77.5,83,100,11.48,overcast clouds
9,Vaini,TO,-21.2,-175.2,82.56,69,75,14.97,broken clouds
10,Dikson,RU,73.5069,80.5464,31.39,99,100,3.85,light snow
11,Ushuaia,AR,-54.8,-68.3,46.06,66,0,3.44,clear sky
12,Hithadhoo,MV,-0.6,73.0833,81.97,69,100,16.67,overcast clouds
13,Catuday,PH,16.2923,119.8062,82.29,74,60,6.26,broken clouds
14,Werda,BW,-25.2667,23.2833,69.85,17,0,7.43,clear sky
15,Jamestown,US,42.097,-79.2353,48.02,63,0,5.75,clear sky
16,Tabas,IR,33.5959,56.9244,70.02,24,0,4.61,clear sky
17,Mataura,NZ,-46.1927,168.8643,53.87,65,98,10.98,overcast clouds
18,Ostrovnoy,RU,68.0531,39.5131,41.79,79,100,10.27,overcast clouds
19,Dakar,SN,14.6937,-17.4441,81.48,73,86,9.6,light rain
20,San Quintin,MX,30.4833,-115.95,69.26,82,65,12.97,broken clouds
21,Kapaa,US,22.0752,-159.319,84.18,68,0,14.97,clear sky
22,Kintampo,GH,8.0563,-1.7306,72.3,92,14,3.4,few clouds
23,Lagoa,PT,39.05,-27.9833,68.59,80,100,4.38,overcast clouds
24,Kelo,TD,9.3086,15.8066,71.08,96,99,7.4,moderate rain
25,New Norfolk,AU,-42.7826,147.0587,52.92,50,94,1.99,overcast clouds
26,Saldanha,ZA,-33.0117,17.9442,55.67,80,0,7.18,clear sky
27,Kavaratti,IN,10.5669,72.642,81.41,78,100,15.05,overcast clouds
28,Marsassoum,SN,12.8275,-15.9806,75.9,94,100,0.65,moderate rain
29,Plavsk,RU,53.7094,37.2919,48.51,84,99,20.85,overcast clouds
30,Tuy Hoa,VN,13.0833,109.3,78.49,88,100,4.32,heavy intensity rain
31,Pitimbu,BR,-7.4706,-34.8086,73.99,78,15,10.02,few clouds
32,Kloulklubed,PW,7.0419,134.2556,84.7,82,100,2.19,overcast clouds
33,Le Port,RE,-20.9373,55.2919,69.76,77,0,6.89,clear sky
34,Progreso,MX,21.2833,-89.6667,81.1,74,18,11.72,few clouds
35,Chuy,UY,-33.6971,-53.4616,54.27,66,87,7.58,overcast clouds
36,Lorengau,PG,-2.0226,147.2712,85.91,67,17,10.78,few clouds
37,Neiafu,TO,-18.65,-173.9833,83.08,69,40,10.36,scattered clouds
38,Avarua,CK,-21.2078,-159.775,78.85,69,20,19.57,few clouds
39,Hermanus,ZA,-34.4187,19.2345,53.8,75,36,8.21,scattered clouds
40,Sola,VU,-13.8833,167.55,80.47,74,13,11.27,few clouds
41,Tiksi,RU,71.6872,128.8694,20.34,89,84,11.68,broken clouds
42,Punta Arenas,CL,-53.15,-70.9167,42.91,87,75,8.05,broken clouds
43,Jiayuguan,CN,39.8167,98.3,41.13,42,0,5.3,clear sky
44,Atuona,PF,-9.8,-139.0333,76.53,76,24,17.81,few clouds
45,Geraldton,AU,-28.7667,114.6,70.21,40,0,10.36,clear sky
46,Kansas City,US,39.0997,-94.5786,73.69,46,0,5.75,clear sky
47,Taoudenni,ML,22.6783,-3.9836,93.29,19,10,13.89,clear sky
48,Kindu,CD,-2.95,25.95,68.02,99,55,2.13,broken clouds
49,Rio Grande,BR,-32.035,-52.0986,57.56,63,99,12.12,overcast clouds
50,Tasiilaq,GL,65.6145,-37.6368,33.96,99,100,8.79,light snow
51,Lavrentiya,RU,65.5833,-171.0,39.85,68,15,2.01,few clouds
52,Abalak,RU,58.1286,68.5944,45.43,68,100,9.42,overcast clouds
53,Yellowknife,CA,62.456,-114.3525,45.12,70,75,9.22,broken clouds
54,Moose Factory,CA,51.2585,-80.6094,62.6,67,100,10.36,overcast clouds
55,Constitucion,CL,-35.3333,-72.4167,48.88,89,12,3.47,few clouds
56,Cabo San Lucas,MX,22.8909,-109.9124,86.31,61,0,9.22,clear sky
57,Tuktoyaktuk,CA,69.4541,-133.0374,24.8,86,100,14.97,overcast clouds
58,Sokolka,PL,53.4072,23.5023,46.67,77,100,17.96,overcast clouds
59,Atasu,KZ,48.6814,71.6433,31.41,45,0,9.71,clear sky
60,Torbay,CA,47.6666,-52.7314,45.16,73,0,3.44,clear sky
61,Polis,CY,35.0367,32.4264,73.22,86,7,4.29,clear sky
62,Nanortalik,GL,60.1432,-45.2371,36.25,75,5,6.11,clear sky
63,Thompson,CA,55.7435,-97.8558,39.36,81,20,0.0,few clouds
64,Kirkwood,US,38.5834,-90.4068,64.27,57,0,5.75,clear sky
65,Qaanaaq,GL,77.484,-69.3632,17.31,72,100,6.35,overcast clouds
66,Cape Town,ZA,-33.9258,18.4232,56.12,89,20,6.91,few clouds
67,Esperance,AU,-33.8667,121.9,60.64,78,44,11.5,scattered clouds
68,Salalah,OM,17.0151,54.0924,75.29,88,75,2.3,broken clouds
69,Mar Del Plata,AR,-38.0023,-57.5575,53.1,88,0,8.05,clear sky
70,East London,ZA,-33.0153,27.9116,63.14,71,100,14.74,overcast clouds
71,Nanakuli,US,21.3906,-158.1547,85.98,61,100,16.11,overcast clouds
72,Dunedin,NZ,-45.8742,170.5036,58.01,46,92,5.03,overcast clouds
73,Kanye,BW,-24.9667,25.3327,72.59,22,0,7.85,clear sky
74,Manturovo,RU,58.3353,44.7619,48.43,89,62,5.95,broken clouds
75,Mayumba,GA,-3.432,10.6554,75.61,86,100,7.76,light rain
76,Ostrzeszow,PL,51.4264,17.9336,46.51,94,4,13.09,clear sky
77,Bellevue,US,47.6104,-122.2007,78.28,58,0,5.75,smoke
78,Sao Jose Da Coroa Grande,BR,-8.8978,-35.1478,75.02,76,52,7.52,broken clouds
79,Clyde River,CA,70.4692,-68.5914,30.43,93,100,4.61,overcast clouds
80,Iqaluit,CA,63.7506,-68.5145,38.93,80,100,16.11,light rain
81,Hargeysa,SO,9.56,44.065,68.63,70,42,16.24,scattered clouds
82,Hofn,IS,64.2539,-15.2082,47.16,90,100,23.13,overcast clouds
83,Hobart,AU,-42.8794,147.3294,54.27,56,40,17.27,scattered clouds
84,Buluang,PH,13.3068,123.3425,84.33,77,82,1.54,broken clouds
85,Lebu,CL,-37.6167,-73.65,51.55,92,95,11.79,overcast clouds
86,Ribeira Grande,PT,38.5167,-28.7,69.66,82,100,3.02,overcast clouds
87,Dingle,PH,10.9995,122.6711,83.82,79,100,5.77,overcast clouds
88,Cherskiy,RU,68.75,161.3,28.74,73,100,7.81,overcast clouds
89,Hervey Bay,AU,-25.2986,152.8535,74.01,51,29,7.0,scattered clouds
90,Tura,IN,25.5198,90.2201,72.01,96,100,3.27,overcast clouds
91,Bluff,NZ,-46.6,168.3333,45.32,89,100,20.47,overcast clouds
92,Sinnamary,GF,5.3833,-52.95,78.49,87,97,8.66,overcast clouds
93,Port Blair,IN,11.6667,92.75,84.24,79,40,2.3,scattered clouds
94,Busselton,AU,-33.65,115.3333,57.65,65,0,12.95,clear sky
95,Barrow,US,71.2906,-156.7887,24.82,93,100,16.11,overcast clouds
96,Oranjemund,NA,-28.55,16.4333,55.62,94,17,11.25,few clouds
97,Georgetown,MY,5.4112,100.3354,82.33,83,20,4.61,few clouds
98,Tiznit,MA,29.5833,-9.5,76.1,28,7,0.72,clear sky
99,Chyhyryn,UA,49.0838,32.6555,50.43,82,100,14.43,light rain
100,Kushmurun,KZ,52.4503,64.6311,34.52,48,5,4.54,clear sky
101,Blagoyevo,RU,63.3667,47.9167,43.18,94,100,8.77,overcast clouds
102,Baranain,ES,42.8057,-1.6773,57.29,94,0,1.99,clear sky
103,Upernavik,GL,72.7868,-56.1549,21.65,77,100,6.38,overcast clouds
104,Port Elizabeth,ZA,-33.918,25.5701,59.29,85,0,17.27,clear sky
105,Port Alfred,ZA,-33.5906,26.891,58.17,86,100,4.0,overcast clouds
106,Hualmay,PE,-11.0964,-77.6139,61.97,82,38,10.74,scattered clouds
107,Mitzic,GA,0.7821,11.549,66.34,99,94,2.42,light rain
108,Castro,BR,-24.7911,-50.0119,56.52,97,100,4.27,light rain
109,Hilo,US,19.7297,-155.09,84.27,82,75,9.22,broken clouds
110,Talaya,RU,61.3833,152.75,21.22,90,100,7.9,light snow
111,Isangel,VU,-19.55,169.2667,78.91,78,75,9.22,broken clouds
112,Bocos,PH,16.9265,121.0573,75.11,74,33,3.4,scattered clouds
113,Farah,AF,32.5,62.5,63.39,21,0,4.61,clear sky
114,Portoferraio,IT,42.8115,10.3146,68.58,71,0,3.96,clear sky
115,Atar,MR,20.5169,-13.0499,90.66,33,98,6.13,overcast clouds
116,Fare,PF,-16.7,-151.0167,78.49,75,0,15.32,clear sky
117,Yumen,CN,40.2833,97.2,39.49,42,0,16.58,clear sky
118,Kismayo,SO,-0.3582,42.5454,75.09,86,41,10.69,scattered clouds
119,Portland,US,45.5234,-122.6762,82.33,54,20,0.0,smoke
120,Bahia De Caraquez,EC,-0.6,-80.4167,71.78,86,100,11.9,overcast clouds
121,Najran,SA,17.4924,44.1277,66.85,21,0,3.18,clear sky
122,Bandarbeyla,SO,9.4942,50.8122,76.87,77,26,21.52,scattered clouds
123,Carlsbad,US,33.1581,-117.3506,78.17,83,75,6.91,broken clouds
124,Buraydah,SA,26.326,43.975,75.65,15,5,6.62,clear sky
125,Erenhot,CN,43.6475,111.9767,33.01,27,0,2.46,clear sky
126,Motygino,RU,58.1831,94.7592,27.05,84,14,0.87,few clouds
127,Tual,ID,-5.6667,132.75,81.9,80,62,6.26,broken clouds
128,Mogzon,RU,51.7435,111.9606,25.88,72,100,5.66,overcast clouds
129,Talnakh,RU,69.4865,88.3972,33.21,95,100,24.34,snow
130,Saskylakh,RU,71.9167,114.0833,13.8,96,93,6.04,overcast clouds
131,Ardmore,US,34.1743,-97.1436,75.02,39,0,0.0,clear sky
132,Nikolskoye,RU,59.7035,30.7861,48.09,90,100,7.83,overcast clouds
133,Icatu,BR,-2.7758,-44.0658,81.03,76,86,9.64,overcast clouds
134,Berlevag,NO,70.8578,29.0864,39.15,87,100,2.3,overcast clouds
135,Baherden,TM,38.4362,57.4316,59.36,27,0,5.86,clear sky
136,Airai,TL,-8.9266,125.4092,72.14,67,80,1.5,broken clouds
137,Ahmadnagar,IN,19.0833,74.7333,70.48,83,96,8.75,overcast clouds
138,Karratha,AU,-20.7377,116.8463,79.5,41,0,10.11,clear sky
139,Gimli,CA,50.6336,-96.9907,59.02,88,78,4.61,broken clouds
140,Omboue,GA,-1.5746,9.2618,75.07,90,98,6.35,light rain
141,Hami,CN,42.8,93.45,50.97,13,27,4.05,scattered clouds
142,Khatanga,RU,71.9667,102.5,14.94,87,100,6.82,overcast clouds
143,Pishin,PK,30.5803,66.9961,59.14,21,0,1.83,clear sky
144,Topolobampo,MX,25.6,-109.05,85.91,54,0,10.36,clear sky
145,Seymchan,RU,62.8833,152.4333,26.02,79,100,10.87,overcast clouds
146,Mandalgovi,MN,45.7625,106.2708,27.32,33,0,10.07,clear sky
147,Bethany,US,45.5579,-122.8676,81.05,54,0,4.61,clear sky
148,Saint-Philippe,RE,-21.3585,55.7679,67.59,83,44,13.33,scattered clouds
149,Magaria,NE,12.9983,8.9099,83.03,60,67,8.93,broken clouds
150,San Patricio,US,28.017,-97.5169,80.55,44,100,4.94,overcast clouds
151,Atambua,ID,-9.1061,124.8925,83.53,63,86,0.81,overcast clouds
152,Deputatskiy,RU,69.3,139.9,13.15,93,40,3.76,scattered clouds
153,Nome,US,64.5011,-165.4064,44.67,81,100,11.5,overcast clouds
154,Acajutla,SV,13.5928,-89.8275,79.36,82,100,2.82,overcast clouds
155,Kodiak,US,57.79,-152.4072,51.31,82,100,8.05,haze
156,Harper,LR,4.375,-7.7169,75.85,90,100,5.93,overcast clouds
157,Kashi,CN,39.4547,75.9797,47.41,81,100,2.24,dust
158,Faanui,PF,-16.4833,-151.75,78.4,75,5,15.05,light rain
159,Sao Joao Da Barra,BR,-21.6403,-41.0511,68.97,92,100,7.85,overcast clouds
160,Los Andes,CL,-32.8337,-70.5983,50.02,75,96,2.13,overcast clouds
161,Pochutla,MX,15.7432,-96.4661,80.82,90,98,3.33,overcast clouds
162,Puerto Penasco,MX,31.3167,-113.5333,84.9,68,0,5.99,clear sky
163,Mildura,AU,-34.2,142.15,62.69,55,100,16.46,light rain
164,Sambava,MG,-14.2667,50.1667,68.67,80,98,8.48,overcast clouds
165,Mount Isa,AU,-20.7333,139.5,89.37,29,40,10.36,scattered clouds
166,Pangody,RU,65.85,74.4859,36.66,96,100,11.61,overcast clouds
167,Maumere,ID,-8.6199,122.2111,83.66,70,30,3.96,scattered clouds
168,Inhambane,MZ,-23.865,35.3833,71.37,89,1,9.35,clear sky
169,Narsaq,GL,60.9167,-46.05,35.82,59,0,6.69,clear sky
170,Gizo,SB,-8.103,156.8419,84.2,70,100,3.62,overcast clouds
171,Mayo,US,38.8876,-76.5119,50.41,91,100,4.0,light rain
172,Victoria,HK,22.2855,114.1577,86.97,80,5,7.0,clear sky
173,Winnemucca,US,40.973,-117.7357,77.05,16,0,3.44,clear sky
174,Oksovskiy,RU,62.6062,39.8984,45.1,97,100,7.81,light rain
175,Morondava,MG,-20.2833,44.2833,70.7,89,0,2.51,clear sky
176,Pevek,RU,69.7008,170.3133,29.37,76,100,8.72,overcast clouds
177,Kita,ML,13.0349,-9.4895,75.54,82,32,3.49,scattered clouds
178,Arraial Do Cabo,BR,-22.9661,-42.0278,68.36,84,100,4.45,overcast clouds
179,Villaviciosa,ES,43.4813,-5.4357,64.42,97,0,2.89,clear sky
180,Naze,JP,28.3667,129.4833,83.32,70,18,6.06,few clouds
181,Ballina,AU,-28.8667,153.5667,71.78,61,9,5.32,clear sky
182,Yinchuan,CN,38.4681,106.2731,45.46,38,20,10.63,few clouds
183,Podor,MR,16.6527,-14.9587,90.86,45,71,5.39,broken clouds
184,Verkhnyaya Inta,RU,65.9811,60.3094,37.53,88,100,10.02,overcast clouds
185,Mahebourg,MU,-20.4081,57.7,70.25,78,20,6.91,few clouds
186,Kahului,US,20.8947,-156.47,82.42,68,75,13.8,broken clouds
187,Richards Bay,ZA,-28.783,32.0377,70.14,78,100,16.33,overcast clouds
188,Gat,IL,31.61,34.7642,74.39,100,1,1.25,clear sky
189,Bhalki,IN,18.0333,77.2167,70.66,82,100,8.43,overcast clouds
190,Vao,NC,-22.6667,167.4833,69.22,65,3,15.64,clear sky
191,Pangnirtung,CA,66.1451,-65.7125,35.08,55,100,8.77,light snow
192,Gamba,GA,-2.65,10.0,75.79,82,100,6.73,overcast clouds
193,Petropavlovka,RU,50.6114,105.3196,30.34,45,100,0.58,overcast clouds
194,Alice Springs,AU,-23.7,133.8833,76.55,65,40,8.05,scattered clouds
195,Sitka,US,57.0531,-135.33,55.29,71,0,4.61,clear sky
196,Baruun-Urt,MN,46.6806,113.2792,29.71,38,0,9.95,clear sky
197,Paamiut,GL,61.994,-49.6678,36.72,69,12,10.0,few clouds
198,Hirara,JP,24.8,125.2833,86.27,70,20,5.75,few clouds
199,Pimentel,PE,-6.8367,-79.9342,62.46,85,50,15.14,scattered clouds
200,Codrington,AU,-38.2667,141.9667,57.13,74,100,14.36,light rain
201,Wasilla,US,61.5814,-149.4394,54.95,59,100,14.97,overcast clouds
202,Port Hueneme,US,34.1478,-119.1951,80.51,72,0,11.5,clear sky
203,Sao Simao,BR,-21.4792,-47.5508,66.65,95,9,2.15,clear sky
204,Ariquemes,BR,-9.9133,-63.0408,73.08,85,100,1.1,heavy intensity rain
205,Zhezkazgan,KZ,47.8043,67.7144,30.18,51,0,11.18,clear sky
206,Faya,SA,18.3851,42.4509,62.71,35,1,5.41,clear sky
207,Estacion Coahuila,MX,32.1939,-115.0017,95.95,26,0,8.05,clear sky
208,Muli,MV,2.9167,73.5667,81.27,78,100,17.74,moderate rain
209,Zapolyarnyy,RU,69.4154,30.8136,31.28,89,100,1.63,overcast clouds
210,Along,IN,28.1667,94.7667,71.94,99,100,0.27,overcast clouds
211,Bredasdorp,ZA,-34.5322,20.0403,50.36,89,0,6.53,clear sky
212,Tuatapere,NZ,-46.1333,167.6833,48.34,84,100,10.47,overcast clouds
213,Carnarvon,AU,-24.8667,113.6333,71.37,40,0,6.11,clear sky
214,Tabou,CI,4.423,-7.3528,75.74,91,100,4.99,overcast clouds
215,Trairi,BR,-3.2778,-39.2689,77.68,78,67,11.25,broken clouds
216,Cooma,AU,-36.2333,149.1333,62.58,46,99,0.34,overcast clouds
217,Yuli,NG,9.6989,10.2744,71.67,88,100,3.42,light rain
218,Los Llanos De Aridane,ES,28.6585,-17.9182,75.13,52,40,6.91,scattered clouds
219,Mortka,RU,59.3322,66.0214,47.64,96,100,8.34,light rain
220,Seoul,KR,37.5683,126.9778,69.19,79,75,10.36,broken clouds
221,Kruisfontein,ZA,-34.0033,24.7314,54.88,84,20,9.24,few clouds
222,Kaitangata,NZ,-46.2817,169.8464,58.24,48,67,13.8,broken clouds
223,Verkhoyansk,RU,67.5447,133.385,23.95,89,87,3.18,overcast clouds
224,Hibbing,US,47.4272,-92.9377,62.2,72,0,0.0,clear sky
225,Rorvik,NO,64.8621,11.2373,51.91,93,100,5.75,overcast clouds
226,Comodoro Rivadavia,AR,-45.8667,-67.5,53.46,66,0,2.3,clear sky
227,Hauterive,FR,46.0901,3.4459,45.36,96,15,2.33,few clouds
228,Aripuana,BR,-9.1667,-60.6333,71.49,98,83,0.36,broken clouds
229,Belyy,RU,55.8402,32.9419,39.06,97,100,10.69,overcast clouds
230,Labuhan,ID,-6.8844,112.2051,82.06,71,98,11.32,overcast clouds
231,Hobyo,SO,5.3505,48.5268,76.1,88,73,19.69,broken clouds
232,Katsuura,JP,35.1333,140.3,77.2,70,73,19.28,broken clouds
233,Arlit,NE,18.7369,7.3853,91.09,13,0,5.82,clear sky
234,Norman Wells,CA,65.282,-126.8329,35.64,100,100,4.61,light rain
235,Hasaki,JP,35.7333,140.8333,84.29,69,31,22.3,scattered clouds
236,Ravar,IR,31.2656,56.8055,70.66,24,0,2.28,clear sky
237,Sorong,ID,-0.8833,131.25,83.44,70,35,2.62,scattered clouds
238,Nantucket,US,41.2835,-70.0995,56.14,79,100,29.73,overcast clouds
239,Caratinga,BR,-19.7897,-42.1392,66.49,94,31,2.77,scattered clouds
240,Praia,CV,14.9215,-23.5087,79.34,83,75,12.66,broken clouds
241,Conakry,GN,9.538,-13.6773,78.87,83,75,2.3,broken clouds
242,Kaspiyskiy,RU,45.3929,47.3707,65.95,93,94,16.64,overcast clouds
243,Beringovskiy,RU,63.05,179.3167,37.0,73,100,8.61,overcast clouds
244,Chapais,CA,49.7834,-74.8492,44.38,72,78,7.31,broken clouds
245,Laguna,US,38.421,-121.4238,87.78,43,0,8.05,clear sky
246,Resistencia,AR,-27.4606,-58.9839,69.78,47,0,6.91,clear sky
247,Adrar,MR,20.5022,-10.0711,90.68,27,100,7.63,overcast clouds
248,Waipawa,NZ,-41.4122,175.5153,57.78,55,8,7.67,clear sky
249,Genhe,CN,50.7833,121.5167,31.73,33,0,7.47,clear sky
250,Avera,US,33.194,-82.5271,60.85,71,11,6.06,few clouds
251,Souillac,MU,-20.5167,57.5167,70.18,78,20,6.91,few clouds
252,Havre-Saint-Pierre,CA,50.2334,-63.5986,46.4,93,0,8.05,clear sky
253,Seminole,US,28.7086,-81.2081,71.96,82,100,10.36,overcast clouds
254,Meulaboh,ID,4.1363,96.1285,76.37,86,97,1.43,overcast clouds
255,Homer,US,59.6425,-151.5483,49.89,79,100,4.0,overcast clouds
256,Talant,FR,47.3369,5.0089,50.41,93,0,5.75,clear sky
257,Usinsk,RU,65.9939,57.5281,38.93,80,100,7.25,overcast clouds
258,Dera Ghazi Khan,PK,30.0561,70.6348,79.61,41,0,5.35,clear sky
259,Tevaitoa,PF,-16.7833,-151.5,78.53,75,0,14.74,light rain
260,Tautira,PF,-17.7333,-149.15,76.64,80,26,21.41,light rain
261,Oristano,IT,39.9,8.6,62.98,85,35,3.69,scattered clouds
262,Gejiu,CN,23.306,103.1635,58.78,81,90,2.26,overcast clouds
263,Zwickau,DE,50.7167,12.4833,52.02,76,100,4.63,overcast clouds
264,Greenville,US,35.6127,-77.3663,52.14,87,100,11.5,overcast clouds
265,Provideniya,RU,64.3833,-173.3,44.71,76,0,7.0,clear sky
266,Daru,PG,-9.0763,143.2092,82.17,85,57,15.17,broken clouds
267,Port Hardy,CA,50.6996,-127.4199,57.38,88,40,3.44,scattered clouds
268,Maniitsoq,GL,65.4167,-52.9,33.76,67,100,3.96,overcast clouds
269,Broken Hill,AU,-31.95,141.4333,72.77,33,100,21.74,light rain
270,Fairbanks,US,64.8378,-147.7164,51.8,70,40,5.75,scattered clouds
271,Hagere Selam,ET,6.4833,38.5167,48.69,99,100,2.89,moderate rain
272,Eydhafushi,MV,5.1033,73.0708,80.56,78,96,14.72,light rain
273,Prince Rupert,CA,54.3161,-130.3201,55.49,90,75,11.5,broken clouds
274,Port Moresby,PG,-9.4431,147.1797,89.02,66,75,11.5,haze
275,Maningrida,AU,-12.0667,134.2667,86.76,63,98,9.26,overcast clouds
276,Flinders,AU,-34.5833,150.8552,67.37,67,77,4.0,broken clouds
277,Newala,TZ,-10.9431,39.2787,57.16,94,7,3.83,clear sky
278,Sao Filipe,CV,14.8961,-24.4956,79.2,79,100,9.31,light rain
279,Suntar,RU,62.1444,117.6319,30.22,70,97,7.63,overcast clouds
280,Lahat,ID,-3.8,103.5333,77.83,86,86,0.16,overcast clouds
281,Koping,SE,59.514,15.9926,45.9,87,0,4.81,clear sky
282,Kurri Kurri,AU,-32.8167,151.4833,71.82,50,76,3.06,broken clouds
283,Freeport,US,40.6576,-73.5832,51.3,84,100,18.41,moderate rain
284,Naryan-Mar,RU,67.6713,53.087,37.26,89,99,7.92,overcast clouds
285,Bilma,NE,18.6853,12.9164,86.11,16,0,11.68,clear sky
286,Umm Bab,QA,25.2142,50.8072,82.42,64,0,6.17,clear sky
287,Port Lincoln,AU,-34.7333,135.8667,57.9,93,100,26.17,light rain
288,Cabusao,PH,13.7227,123.1169,85.51,71,99,3.83,overcast clouds
289,Emerald,AU,-23.5333,148.1667,74.34,53,17,16.04,few clouds
290,Svetlogorsk,BY,52.6333,29.7333,39.42,97,100,10.89,overcast clouds
291,Poum,NC,-20.2333,164.0167,74.26,63,1,16.24,clear sky
292,Minturno,IT,41.2576,13.7237,66.61,55,52,1.01,broken clouds
293,Natal,BR,-5.795,-35.2094,79.02,78,20,9.22,few clouds
294,Ancud,CL,-41.8697,-73.8203,48.45,94,100,11.52,light rain
295,Kalengwa,ZM,-13.4659,25.0027,59.63,38,0,1.59,clear sky
296,Luderitz,NA,-26.6481,15.1594,57.09,80,0,18.68,clear sky
297,Sundsvall,SE,62.3913,17.3063,43.97,78,40,8.05,scattered clouds
298,Nelson Bay,AU,-32.7167,152.15,69.85,67,66,5.99,broken clouds
299,Huarmey,PE,-10.0681,-78.1522,62.62,86,70,9.6,broken clouds
300,Baykit,RU,61.67,96.37,26.46,87,93,2.37,overcast clouds
301,Korla,CN,41.7597,86.1469,51.3,22,100,7.96,overcast clouds
302,Peremyshl,RU,54.2631,36.1606,50.56,80,100,20.58,overcast clouds
303,Bambous Virieux,MU,-20.3428,57.7575,70.21,78,20,6.91,few clouds
304,Kieta,PG,-6.2167,155.6333,83.71,75,100,7.47,light rain
305,Igrim,RU,63.1906,64.4162,41.99,88,100,4.14,overcast clouds
306,Walvis Bay,NA,-22.9575,14.5053,56.08,94,0,12.66,clear sky
307,Bagotville,AU,-28.9833,153.4167,71.64,61,3,5.12,clear sky
308,Kasangulu,CD,-4.5911,15.1708,74.34,82,52,2.66,broken clouds
309,Strelka,RU,58.0728,93.0344,29.19,82,60,1.88,broken clouds
310,Kaniv,UA,49.7518,31.46,46.2,80,100,14.5,overcast clouds
311,Knysna,ZA,-34.0363,23.0471,55.69,85,53,6.82,broken clouds
312,Kamiiso,JP,41.8167,140.65,68.38,100,75,20.71,light intensity shower rain
313,Bratsk,RU,56.1325,101.6142,27.09,86,81,4.54,broken clouds
314,Tocopilla,CL,-22.092,-70.1979,60.78,65,9,4.61,clear sky
315,Bousso,TD,10.4795,16.7117,73.18,89,99,5.17,overcast clouds
316,Jacareacanga,BR,-6.2222,-57.7528,72.81,98,100,2.13,moderate rain
317,Gold Coast,AU,-28.0,153.4333,74.77,63,9,10.36,clear sky
318,Marsaxlokk,MT,35.8419,14.5431,73.08,83,20,4.61,few clouds
319,Bethel,US,41.3712,-73.414,49.05,87,100,8.05,overcast clouds
320,Ambagarh Chauki,IN,20.7833,80.7167,75.16,78,100,5.01,overcast clouds
321,Manado,ID,1.487,124.8455,86.77,66,40,3.44,scattered clouds
322,Mersing,MY,2.4312,103.8405,80.51,83,20,4.61,few clouds
323,Saint George,US,37.1041,-113.5841,79.39,31,0,13.8,clear sky
324,Pasni,PK,25.2631,63.471,78.19,87,0,6.49,clear sky
325,Yerbogachen,RU,61.2767,108.0108,27.81,70,21,6.04,few clouds
326,Chokurdakh,RU,70.6333,147.9167,24.53,84,98,4.52,overcast clouds
327,Fortuna,US,40.5982,-124.1573,59.94,79,3,5.59,clear sky
328,Sorland,NO,67.667,12.6934,46.26,82,100,17.98,overcast clouds
329,Mokolo,CM,10.7398,13.8019,71.64,72,99,3.71,light rain
330,Anloga,GH,5.7947,0.8973,77.77,87,78,10.98,broken clouds
331,Kurilsk,RU,45.2333,147.8833,61.77,89,100,22.21,light rain
332,Florianopolis,BR,-27.6146,-48.5012,60.03,84,75,5.75,broken clouds
333,Zhengjiatun,CN,43.5064,123.5064,42.22,30,0,16.96,clear sky
334,Praia Da Vitoria,PT,38.7333,-27.0667,67.75,100,0,6.6,clear sky
335,Port Keats,AU,-14.25,129.55,87.55,54,40,7.25,scattered clouds
336,Muroto,JP,33.2833,134.15,78.33,76,43,13.09,scattered clouds
337,Guerrero Negro,MX,27.9769,-114.0611,70.25,78,50,16.02,scattered clouds
338,Margate,GB,51.3813,1.3862,60.91,93,99,5.01,overcast clouds
339,San Matias,BO,-16.3667,-58.4,81.66,59,58,3.76,broken clouds
340,Nabire,ID,-3.3667,135.4833,78.1,87,100,2.55,overcast clouds
341,Yatou,CN,37.15,122.3833,53.64,62,100,28.27,overcast clouds
342,Colares,PT,38.7992,-9.4469,70.75,85,6,13.0,clear sky
343,Domoni,KM,-12.2569,44.5319,72.99,81,25,3.09,scattered clouds
344,Yeppoon,AU,-23.1333,150.7333,73.18,52,3,15.26,clear sky
345,Chumikan,RU,54.7183,135.315,38.12,39,93,12.59,overcast clouds
346,Tromso,NO,69.6496,18.957,42.39,93,100,0.0,fog
347,Ketchikan,US,55.3422,-131.6461,52.27,87,0,9.22,clear sky
348,Abilene,US,32.4487,-99.7331,75.42,25,0,8.05,clear sky
349,Rafai,CF,4.95,23.9167,69.15,97,100,1.88,overcast clouds
350,Albi,FR,43.9298,2.148,54.1,81,6,3.0,clear sky
351,Vestmannaeyjar,IS,63.4427,-20.2734,50.25,81,100,30.4,overcast clouds
352,Xichang,CN,27.8964,102.2634,67.42,91,81,2.21,broken clouds
353,Chilliwack,CA,49.1747,-121.9443,77.52,50,0,1.14,clear sky
354,Aklavik,CA,68.2191,-135.0107,29.55,89,98,8.12,overcast clouds
355,Longyearbyen,SJ,78.2186,15.6401,37.24,81,75,0.0,broken clouds
356,La Ronge,CA,55.1001,-105.2842,46.65,66,20,2.3,smoke
357,Sanmenxia,CN,34.7747,111.1814,50.61,91,100,13.15,overcast clouds
358,Gizycko,PL,54.0381,21.7644,46.81,88,100,14.94,overcast clouds
359,Dasoguz,TM,41.8363,59.9666,40.95,52,0,6.91,clear sky
360,Abu Dhabi,AE,24.4667,54.3667,84.31,62,0,6.91,clear sky
361,Haines Junction,CA,60.7522,-137.5108,53.55,50,100,11.5,overcast clouds
362,Liku,ID,-0.7275,119.8922,83.89,68,59,0.54,broken clouds
363,Coquimbo,CL,-29.9533,-71.3436,55.13,82,100,6.91,overcast clouds
364,Nizwa,OM,22.9333,57.5333,75.4,65,0,1.95,clear sky
365,Luanda,AO,-8.8368,13.2343,72.48,85,49,5.82,scattered clouds
366,Monster,NL,52.0258,4.175,55.02,89,100,4.61,overcast clouds
367,Khandyga,RU,62.6667,135.6,24.85,50,13,5.23,few clouds
368,Teya,RU,60.3778,92.6267,27.84,83,91,3.42,overcast clouds
369,Tatarsk,RU,55.219,75.9828,31.23,72,20,4.9,few clouds
370,Yokadouma,CM,3.5167,15.05,65.25,99,100,1.7,overcast clouds
371,Vila Velha,BR,-20.3297,-40.2925,75.15,93,100,7.0,moderate rain
372,Piacabucu,BR,-10.4056,-36.4344,72.36,78,0,7.87,clear sky
373,Skibbereen,IE,51.55,-9.2667,62.11,91,100,21.68,overcast clouds
374,Salamanca,ES,40.8333,-6.0,56.75,41,0,2.62,clear sky
375,Roald,NO,62.5833,6.1333,57.33,87,100,10.36,overcast clouds
376,Tessalit,ML,20.1986,1.0114,86.77,13,0,11.45,clear sky
377,Maksatikha,RU,57.797,35.8825,48.85,85,100,15.08,overcast clouds
378,Cidreira,BR,-30.1811,-50.2056,55.76,73,0,8.72,clear sky
379,Umm Lajj,SA,25.0213,37.2685,84.22,50,0,3.69,clear sky
380,Ambositra,MG,-20.5167,47.25,54.3,62,0,0.34,clear sky
381,Celestun,MX,20.8667,-90.4,79.56,72,35,13.24,scattered clouds
382,Tigil,RU,57.8,158.6667,43.47,87,100,9.22,light rain
383,Coihaique,CL,-45.5752,-72.0662,48.81,66,0,2.3,clear sky
384,Jaciara,BR,-15.9653,-54.9683,76.77,68,88,2.46,overcast clouds
385,Albanel,CA,48.8832,-72.4487,50.14,87,100,2.3,overcast clouds
386,Vila Franca Do Campo,PT,37.7167,-25.4333,75.2,93,49,10.51,light rain
387,George Town,MY,5.4112,100.3354,82.33,83,20,4.61,few clouds
388,Marfino,RU,55.7028,37.3822,51.94,79,75,20.13,broken clouds
389,College,US,64.8569,-147.8028,51.78,70,40,5.75,scattered clouds
390,Cuitzeo,MX,20.3333,-102.7833,65.16,87,100,3.69,overcast clouds
391,Parintins,BR,-2.6283,-56.7358,77.11,77,100,3.2,overcast clouds
392,Touros,BR,-5.1989,-35.4608,76.91,76,25,14.25,scattered clouds
393,Menongue,AO,-14.6585,17.691,64.04,25,28,5.23,scattered clouds
394,Caibarien,CU,22.5206,-79.4669,72.72,66,41,8.1,light rain
395,Cayenne,GF,4.9333,-52.3333,78.84,83,0,2.3,clear sky
396,Alofi,NU,-19.0595,-169.9187,82.29,74,75,12.66,broken clouds
397,Ohringen,DE,49.2017,9.5039,44.85,90,27,3.47,scattered clouds
398,Ponta Do Sol,PT,32.6667,-17.1,71.71,69,80,2.95,broken clouds
399,Namatanai,PG,-3.6667,152.4333,86.58,62,72,6.13,broken clouds
400,Alexandria,EG,31.2156,29.9553,76.26,59,0,15.64,clear sky
401,Cockburn Town,TC,21.4612,-71.1419,83.39,71,100,4.38,overcast clouds
402,Butaritari,KI,3.0707,172.7902,81.77,74,97,10.96,overcast clouds
403,Kahramanmaras,TR,38.0,37.0,60.17,67,1,7.34,clear sky
404,Siavonga,ZM,-16.5382,28.7088,75.52,42,0,4.21,clear sky
405,Saint-Augustin,CA,51.226,-58.6502,43.68,59,9,12.24,clear sky
406,Nunkini,MX,20.3333,-90.1833,76.69,72,64,5.64,broken clouds
407,Bathsheba,BB,13.2167,-59.5167,81.21,89,40,13.8,scattered clouds
408,Kaputa,ZM,-8.4689,29.6619,72.73,55,7,2.06,clear sky
409,Jiwani,PK,25.05,61.7417,78.94,81,0,2.93,clear sky
410,Ciudad Guayana,VE,8.3533,-62.6528,80.53,85,100,3.76,overcast clouds
411,Pisco,PE,-13.7,-76.2167,59.05,88,0,16.11,clear sky
412,Stokmarknes,NO,68.5646,14.9108,48.18,81,75,10.36,broken clouds
413,Lucapa,AO,-8.4192,20.7447,65.82,87,10,3.67,clear sky
414,Lompoc,US,34.6391,-120.4579,70.84,79,4,5.01,clear sky
415,Shelburne,CA,44.0787,-80.2041,46.76,71,88,1.79,overcast clouds
416,Belmonte,BR,-15.8631,-38.8828,74.8,87,12,9.86,few clouds
417,Lalibela,ET,12.0333,39.0333,53.8,68,92,6.42,overcast clouds
418,Kaeo,NZ,-35.1,173.7833,59.94,63,98,6.35,overcast clouds
419,Inta,RU,66.0317,60.1659,37.74,88,100,10.27,overcast clouds
420,Pandan,PH,14.0453,124.1694,84.63,73,95,5.55,overcast clouds
421,Pristina,XK,42.6727,21.1669,44.62,84,0,3.44,clear sky
422,Hashtgerd,IR,35.9642,50.6858,62.44,32,4,5.28,clear sky
423,Sisimiut,GL,66.9395,-53.6735,31.68,85,100,6.11,overcast clouds
424,Karauli,IN,26.5,77.0167,75.94,55,0,3.96,clear sky
425,Kuryk,KZ,43.2,51.65,58.28,26,0,17.31,clear sky
426,Lahaina,US,20.8783,-156.6825,83.44,72,27,8.93,light rain
427,Humaita,BR,-7.5061,-63.0208,74.44,92,45,1.01,scattered clouds
428,Gangakher,IN,18.95,76.75,71.51,82,85,6.58,overcast clouds
429,Egvekinot,RU,66.3167,-179.1667,27.9,74,88,8.55,overcast clouds
430,Hambantota,LK,6.1241,81.1185,77.34,94,20,3.44,few clouds
431,Mvuma,ZW,-19.2792,30.5283,59.92,35,0,5.26,clear sky
432,Shenjiamen,CN,29.9576,122.298,78.33,86,64,11.97,broken clouds
433,Puro,PH,12.4841,123.3827,84.25,74,97,7.81,overcast clouds
434,Abnub,EG,27.2696,31.1511,75.56,46,0,10.98,clear sky
435,Champerico,GT,14.3,-91.9167,80.73,77,97,7.2,overcast clouds
436,Srednekolymsk,RU,67.45,153.6833,26.96,74,95,3.4,overcast clouds
437,Leningradskiy,RU,69.3833,178.4167,31.51,92,100,5.97,light snow
438,Ayan,RU,56.45,138.1667,36.25,46,95,15.93,overcast clouds
439,Gulmarg,IN,34.049,74.3921,44.01,40,0,2.53,clear sky
440,Shetpe,KZ,44.1667,52.1167,53.53,32,51,11.86,broken clouds
441,Korhogo,CI,9.45,-5.6333,71.56,94,61,1.66,light rain
442,Qui Nhon,VN,13.7667,109.2333,79.66,85,99,7.52,moderate rain
443,Nampa,US,43.5407,-116.5635,75.04,40,0,0.0,clear sky
444,Greeneville,US,36.1632,-82.831,56.28,86,100,0.0,overcast clouds
445,Galesong,ID,-5.3166,119.3661,84.22,68,94,1.88,overcast clouds
446,Ntoum,GA,0.3833,9.7833,78.57,97,100,3.65,light rain
447,Benemerito De Las Americas,MX,16.5167,-90.6439,72.61,92,100,2.48,overcast clouds
448,Forssa,FI,60.8146,23.6215,42.67,91,100,9.95,overcast clouds
449,Durant,US,33.994,-96.3708,77.36,32,0,3.44,clear sky
450,Ahipara,NZ,-35.1667,173.1667,58.98,70,93,11.41,overcast clouds
451,Raymond,US,43.9015,-70.4703,45.39,76,100,0.69,overcast clouds
452,Kysyl-Syr,RU,63.8986,122.7617,27.9,76,97,8.59,overcast clouds
453,Makungu,TZ,-8.7333,35.2833,54.68,71,4,2.19,clear sky
454,Varzea Grande,BR,-15.6467,-56.1325,82.27,65,0,2.3,clear sky
455,Ratnagiri,IN,16.9833,73.3,75.7,90,100,6.69,overcast clouds
456,Kirakira,SB,-10.4544,161.9205,82.94,75,99,7.27,overcast clouds
457,Gweta,BW,-20.1833,25.2333,70.81,21,0,2.68,clear sky
458,Makakilo City,US,21.3469,-158.0858,84.56,60,100,16.11,overcast clouds
459,Cabra,ES,37.4725,-4.4421,68.47,43,64,0.81,broken clouds
460,Ulladulla,AU,-35.35,150.4667,64.09,63,77,8.63,broken clouds
461,Bodden Town,KY,19.2833,-81.25,82.4,72,40,6.91,scattered clouds
462,Yulara,AU,-25.2406,130.9889,66.29,60,97,1.36,overcast clouds
463,Te Anau,NZ,-45.4167,167.7167,45.82,91,99,6.73,overcast clouds
464,Mount Pleasant,US,32.7941,-79.8626,61.0,87,0,5.75,clear sky
465,Tokur,RU,53.1333,132.9,27.39,46,100,6.8,overcast clouds
466,Ploufragan,FR,48.4914,-2.7946,57.85,89,17,6.62,few clouds
467,Nyagan,RU,62.1406,65.3936,45.3,97,100,4.34,overcast clouds
468,Lungi,SL,9.2212,-12.6831,73.8,98,100,2.51,overcast clouds
469,Port-Cartier,CA,50.0334,-66.8654,53.28,62,10,7.54,clear sky
470,Gorontalo,ID,0.5412,123.0595,89.29,58,49,2.84,scattered clouds
471,Manacapuru,BR,-3.2997,-60.6206,75.88,84,4,4.36,clear sky
472,Buchanan,LR,5.8808,-10.0467,74.97,92,61,4.41,broken clouds
473,Jetpur,IN,21.7333,70.6167,75.47,83,100,4.18,overcast clouds
474,Ambunti,PG,-4.2365,142.8448,92.5,51,66,1.48,broken clouds
475,Jacksonville,US,30.3322,-81.6556,65.03,81,100,13.8,overcast clouds
476,Petropavlovsk-Kamchatskiy,RU,53.0452,158.6483,57.79,67,20,6.71,few clouds
477,Gushikawa,JP,26.3544,127.8686,83.43,78,75,4.61,broken clouds
478,Cap Malheureux,MU,-19.9842,57.6142,70.47,71,1,5.01,clear sky
479,Jiuquan,CN,39.7432,98.5174,45.72,42,0,5.99,clear sky
480,Manjacaze,MZ,-24.7117,33.8828,68.27,77,0,7.96,clear sky
481,Vardo,NO,70.3705,31.1107,37.38,87,100,5.75,overcast clouds
482,Pimenta Bueno,BR,-11.6725,-61.1936,74.55,88,93,3.31,overcast clouds
483,Tadine,NC,-21.55,167.8833,73.47,57,0,15.14,clear sky
484,San Ignacio,BZ,17.1561,-89.0714,78.94,94,0,0.0,clear sky
485,Kushima,JP,31.4583,131.2333,82.81,64,60,6.06,broken clouds
486,Barentu,ER,15.1139,37.5928,72.32,53,64,5.12,broken clouds
487,Reconquista,AR,-29.15,-59.65,61.32,64,1,10.07,clear sky
488,Torzhok,RU,57.0436,34.9622,42.3,93,100,9.4,overcast clouds
489,Kavieng,PG,-2.5744,150.7967,85.82,63,100,9.48,overcast clouds
490,Sungurlu,TR,40.1675,34.3739,54.48,76,1,3.38,clear sky
491,Coolum Beach,AU,-26.5333,153.1,73.11,58,27,8.21,scattered clouds
492,Suixi,CN,33.8907,116.7747,53.4,73,100,12.95,overcast clouds
493,Gewane,ET,10.1664,40.6453,79.63,55,88,6.85,overcast clouds
494,Kallithea,GR,37.95,23.7,72.45,55,20,16.11,few clouds
495,Lakes Entrance,AU,-37.8811,147.981,57.16,67,100,9.33,overcast clouds
496,Tahoua,NE,14.8888,5.2692,83.88,59,42,13.58,scattered clouds
497,Palora,EC,-1.7,-77.9333,65.07,95,91,3.71,overcast clouds
498,Gornopravdinsk,RU,60.05,69.9,44.98,97,100,6.82,overcast clouds
499,Takapau,NZ,-40.0333,176.35,61.16,44,1,1.54,clear sky
500,Sayyan,YE,15.1718,44.3244,57.42,32,1,3.76,clear sky
501,Pundaguitan,PH,6.3711,126.1689,82.47,72,99,9.22,overcast clouds
502,Tommot,RU,58.9564,126.2925,27.97,84,100,9.91,light snow
503,Klaksvik,FO,62.2266,-6.589,52.72,98,100,24.81,light rain
504,Husavik,IS,66.0449,-17.3389,42.37,92,93,6.76,overcast clouds
505,Belaya Gora,RU,68.5333,146.4167,26.01,78,97,5.19,overcast clouds
506,Puerto Ayacucho,VE,5.6639,-67.6236,76.08,90,100,2.75,overcast clouds
507,Viedma,AR,-40.8135,-62.9967,56.16,65,100,21.65,overcast clouds
508,Carire,BR,-3.9506,-40.4733,76.73,61,54,4.12,broken clouds
509,Zorgo,BF,12.2489,-0.6158,78.22,74,4,10.18,clear sky
510,Mitsamiouli,KM,-11.3847,43.2844,74.61,73,7,4.59,clear sky
511,Bandar-E Lengeh,IR,26.5579,54.8807,85.1,69,22,9.8,few clouds
512,Duku,NG,11.2361,4.9073,74.17,89,67,4.16,broken clouds
513,Mitu,CO,1.1983,-70.1733,74.61,89,79,2.28,broken clouds
514,Kununurra,AU,-15.7667,128.7333,91.38,40,4,5.75,clear sky
515,Bonavista,CA,48.6499,-53.1147,47.52,61,11,12.68,few clouds
516,Camacha,PT,33.0833,-16.3333,63.82,82,20,3.44,few clouds
517,Javanrud,IR,34.7961,46.5172,57.31,35,0,3.6,clear sky
518,Eureka,US,40.8021,-124.1637,70.66,83,3,1.99,clear sky
519,Lypova Dolyna,UA,50.5643,33.7979,45.48,85,100,14.09,overcast clouds
520,Xuchang,CN,34.0167,113.8167,48.94,84,100,18.68,overcast clouds
521,Gravdal,NO,68.1214,13.5031,50.22,84,99,19.39,overcast clouds
522,Krasnovishersk,RU,60.4078,57.082,43.05,96,100,5.73,overcast clouds
523,Padang,ID,-0.9492,100.3543,78.85,88,100,3.18,overcast clouds
524,Japura,ID,-0.3167,102.35,75.76,95,100,1.43,overcast clouds
525,Quatre Cocos,MU,-20.2078,57.7625,70.09,78,23,11.97,few clouds
526,Byron Bay,AU,-28.65,153.6167,71.71,58,9,4.68,clear sky
527,Illapel,CL,-31.6308,-71.1653,51.75,89,43,2.42,scattered clouds
528,Simpang,ID,-1.2667,104.0833,76.91,92,97,2.95,overcast clouds
529,Dolores,AR,-36.3132,-57.6792,44.15,93,95,7.11,overcast clouds
530,Baillif,GP,16.0202,-61.7463,78.3,77,11,10.71,few clouds
531,Kayan,MM,16.9056,96.5631,80.74,81,16,7.83,few clouds
532,Caxito,AO,-8.5785,13.6643,72.1,89,56,1.81,broken clouds
533,Miyako,JP,39.6367,141.9525,74.57,66,98,11.9,light rain
534,Lata,PT,40.1629,-8.3327,58.08,60,1,3.06,clear sky
535,La Asuncion,VE,11.0333,-63.8628,82.13,83,100,8.05,overcast clouds
536,Preston,GB,53.7667,-2.7167,57.88,94,65,8.77,broken clouds
537,Jibuti,DJ,11.5,42.5,79.34,68,66,8.14,broken clouds
538,Mangrol,IN,21.1167,70.1167,79.27,77,100,4.97,overcast clouds
539,Maracas,BR,-13.4411,-40.4308,63.03,87,33,6.73,scattered clouds
540,Ipojuca,BR,-8.3989,-35.0639,78.71,79,49,5.01,scattered clouds
541,Dandong,CN,40.1292,124.3947,50.61,52,0,20.6,clear sky
542,Kissidougou,GN,9.1848,-10.0999,68.22,97,28,1.61,scattered clouds
543,Chake Chake,TZ,-5.2459,39.7666,70.74,86,48,5.39,scattered clouds
544,Udupi,IN,13.35,74.75,78.04,91,68,5.59,broken clouds
545,Salgotarjan,HU,48.0987,19.803,46.62,82,5,5.41,clear sky
546,Xining,CN,36.6167,101.7667,46.26,42,58,0.98,broken clouds
547,Ouadda,CF,8.0777,22.4007,65.5,98,100,5.06,light rain
548,Madison,US,34.7334,-86.5667,64.38,78,0,8.99,clear sky
549,Bac Lieu,VN,9.285,105.7244,83.1,77,100,10.13,moderate rain
550,Juneau,US,58.3019,-134.4197,53.6,85,40,4.61,scattered clouds
551,La Seyne-Sur-Mer,FR,43.0982,5.8847,69.89,64,5,1.9,clear sky
552,Samur,RU,41.8253,48.486,64.49,88,1,4.92,clear sky
553,Timmins,CA,48.4669,-81.3331,58.82,63,40,4.61,scattered clouds
554,Chifeng,CN,42.2683,118.9636,40.6,27,0,19.57,clear sky
555,Lerwick,GB,60.1545,-1.1494,53.6,94,100,29.66,light rain
556,Mezen,RU,65.8522,44.24,34.59,92,100,6.67,overcast clouds
557,Mareeba,AU,-17.0,145.4333,80.44,67,59,10.87,broken clouds
558,Santa Maria,BR,-29.6842,-53.8069,54.7,67,0,6.91,clear sky
559,Peniche,PT,39.3558,-9.3811,62.29,90,2,7.29,clear sky
560,Puksoozero,RU,62.5903,40.6066,45.28,98,100,7.16,overcast clouds
561,Svetlopolyansk,RU,59.4184,52.3605,44.55,81,86,7.14,overcast clouds
562,Yar-Sale,RU,66.8333,70.8333,37.99,81,100,12.06,overcast clouds
563,Inuvik,CA,68.3499,-133.7218,29.26,83,100,6.91,overcast clouds
564,Gusau,NG,12.1628,6.6614,75.7,83,98,8.55,overcast clouds
565,Puerto Escondido,MX,15.85,-97.0667,83.23,57,75,4.61,broken clouds
566,Coracora,PE,-15.0333,-73.7833,49.62,55,72,1.59,broken clouds
567,Girvan,GB,55.2426,-4.8555,60.8,91,100,25.97,overcast clouds
568,Hun,LY,29.1268,15.9477,69.82,75,97,7.56,overcast clouds
569,Samarai,PG,-10.6167,150.6667,81.5,82,93,13.82,overcast clouds
570,Pangkalanbuun,ID,-2.6833,111.6167,85.95,66,79,0.98,broken clouds
571,Marystown,CA,47.1666,-55.1483,45.21,67,19,8.03,few clouds
572,Grants,US,35.1473,-107.8514,57.43,77,100,3.44,overcast clouds
573,Mehamn,NO,71.0357,27.8492,39.11,93,68,3.44,broken clouds
574,Duvan,RU,55.695,57.9024,41.22,70,23,4.29,few clouds
575,Vaitape,PF,-16.5167,-151.75,78.39,75,4,14.79,light rain
576,Kokopo,PG,-4.352,152.2633,87.4,56,100,10.87,overcast clouds
577,Managua,NI,12.1328,-86.2504,81.84,78,40,4.61,scattered clouds
578,Nouadhibou,MR,20.931,-17.0347,80.58,69,83,9.22,broken clouds
579,Tongzi,CN,28.7829,105.0877,65.46,87,100,5.14,overcast clouds
580,Saint-Louis,SN,16.3333,-15.0,88.34,50,99,3.58,overcast clouds
581,Omsukchan,RU,62.5333,155.8,18.34,90,100,6.62,overcast clouds
582,Lesnica,RS,44.6525,19.31,50.67,83,18,7.02,few clouds
583,Micheweni,TZ,-4.9667,39.8333,72.61,84,35,7.05,scattered clouds
584,Floriano,BR,-6.7669,-43.0225,80.69,28,6,1.83,clear sky
585,Syasstroy,RU,60.1367,32.5691,45.23,86,23,13.69,few clouds
586,Selfoss,IS,63.9331,-20.9971,50.04,77,100,17.05,light rain
587,Moshenskoye,RU,58.5102,34.5911,43.75,93,100,7.76,overcast clouds
588,Grand Gaube,MU,-20.0064,57.6608,70.38,71,2,5.01,clear sky
589,Merauke,ID,-8.4667,140.3333,87.55,65,72,7.63,broken clouds
590,Vyshhorod,UA,50.5848,30.4898,45.93,98,100,17.72,light rain
591,Rio Gallegos,AR,-51.6226,-69.2181,42.85,87,75,5.75,broken clouds
592,Pacific Grove,US,36.6177,-121.9166,72.55,75,0,6.91,clear sky
593,Perene,PE,-10.9492,-75.2261,74.01,72,68,1.83,broken clouds
594,Lasa,IT,46.6166,10.7002,52.68,51,9,4.29,clear sky
595,Da Nang,VN,16.0678,108.2208,78.78,89,75,1.14,broken clouds
596,Puerto Narino,CO,-3.7703,-70.3831,77.49,79,68,2.21,broken clouds
597,Olkhovatka,RU,50.2831,39.2872,48.76,79,47,7.96,scattered clouds
598,Faridkot,IN,30.6667,74.75,75.72,48,0,3.18,clear sky
599,Paita,PE,-5.0892,-81.1144,63.09,85,76,14.18,broken clouds
600,Havoysund,NO,70.9963,24.6622,43.03,70,69,8.25,broken clouds
601,Saint Anthony,US,45.0205,-93.218,67.78,56,0,6.91,clear sky
602,Povenets,RU,62.8487,34.8262,44.06,95,100,11.34,overcast clouds
603,Ocos,GT,14.5094,-92.1933,78.98,75,53,6.38,broken clouds
604,Cap-Aux-Meules,CA,47.3821,-61.8597,44.62,76,0,6.91,clear sky
605,Nassau,US,40.7507,-73.5829,50.97,84,100,12.66,moderate rain
606,Belyy Yar,RU,53.6039,91.3903,21.09,93,0,0.0,clear sky
607,Sydney,AU,-33.8679,151.2073,75.61,61,41,1.99,scattered clouds
608,Nizhniy Tsasuchey,RU,50.5167,115.1333,35.24,44,13,11.41,few clouds
609,Ayapa,MX,18.1833,-93.1667,77.04,88,38,5.08,scattered clouds
610,Qaqortoq,GL,60.7167,-46.0333,34.99,60,0,6.67,clear sky
611,Krasnoselkup,RU,65.7,82.4667,33.75,97,100,20.49,light snow
612,Ottawa,CA,45.4112,-75.6981,46.44,77,20,3.44,few clouds
613,Syamzha,RU,60.0158,41.0614,44.35,93,0,8.46,clear sky
614,Luau,AO,-10.7073,22.2247,67.51,64,36,4.52,scattered clouds
615,Axim,GH,4.8699,-2.2405,75.09,93,71,5.64,broken clouds
616,Palmer,US,42.1584,-72.3287,50.43,69,100,8.05,overcast clouds
617,Chekhov,RU,55.1431,37.4711,51.85,78,100,17.2,overcast clouds
618,Manyana,BW,-23.4,21.7167,69.6,19,0,5.59,clear sky
619,Evensk,RU,61.95,159.2333,38.32,49,70,14.99,broken clouds
620,Dehloran,IR,32.6941,47.2679,84.11,15,0,6.42,clear sky
621,Akyab,MM,20.15,92.9,80.82,78,80,5.99,broken clouds
622,Atagay,RU,55.1033,99.3875,31.51,84,91,2.26,overcast clouds
623,Brae,GB,60.3964,-1.353,53.98,94,100,25.99,light rain
624,Ulcinj,ME,41.9294,19.2244,59.22,62,0,12.28,clear sky
625,Kunjah,PK,32.5285,73.9737,73.44,59,0,2.24,clear sky
626,Kangaatsiaq,GL,68.3065,-53.4641,34.38,73,100,3.78,overcast clouds
627,Kodinsk,RU,58.6881,99.1844,30.4,78,17,2.13,few clouds
628,Aras,ES,42.5617,-2.356,55.81,72,0,5.75,clear sky
629,Gidam,IN,18.9833,81.4,72.48,93,100,2.3,moderate rain
630,Barcelos,PT,41.5388,-8.6151,66.92,68,0,3.11,clear sky
631,Teguldet,RU,57.3064,88.1667,32.31,71,22,2.62,few clouds
632,Narrabri,AU,-30.3167,149.7833,73.53,52,94,4.0,overcast clouds
633,Ganzhou,CN,28.8184,115.4327,83.97,62,41,12.46,scattered clouds
634,Caudebec-Les-Elbeuf,FR,49.2808,1.022,49.68,92,58,5.75,mist
635,Moron,AR,-34.6534,-58.6198,58.75,77,7,11.21,clear sky
636,Antofagasta,CL,-23.65,-70.4,58.28,75,25,4.14,scattered clouds
637,Tateyama,JP,34.9833,139.8667,82.09,71,78,20.4,broken clouds
638,Safaga,EG,26.7292,33.9365,81.52,52,0,13.18,clear sky
639,Sur,OM,22.5667,59.5289,77.43,74,0,5.21,clear sky
640,Garissa,KE,-0.4536,39.6401,71.37,84,98,12.86,overcast clouds
641,Banjar,ID,-8.19,114.9675,83.93,74,100,4.59,overcast clouds
642,Mount Gambier,AU,-37.8333,140.7667,59.77,71,100,10.38,moderate rain
643,Westport,US,41.1415,-73.3579,51.24,86,100,14.97,overcast clouds
644,Saint-Francois,FR,46.4154,3.9054,45.68,93,100,0.0,fog
645,Domanivka,UA,47.6319,30.9885,50.16,73,96,12.77,overcast clouds
646,Parrita,CR,9.5201,-84.3225,78.89,87,73,1.72,broken clouds
647,Songjianghe,CN,42.1859,127.479,40.78,52,7,8.34,clear sky
648,Alta Floresta,BR,-9.8756,-56.0861,73.08,81,14,1.92,light rain
649,Bristol,US,41.8334,-71.1662,53.53,78,100,5.99,overcast clouds
650,Ukiah,US,39.1502,-123.2078,83.44,59,0,9.22,clear sky
651,Blythe,US,33.6103,-114.5964,84.65,51,75,12.66,broken clouds
652,Tchaourou,BJ,8.8865,2.5975,71.29,98,61,4.56,broken clouds
653,Whitehorse,CA,60.7161,-135.0538,52.57,54,75,13.8,broken clouds
654,Ishikawa,JP,26.4233,127.8214,84.16,78,75,4.61,broken clouds
655,Bitung,ID,1.4451,125.1824,83.25,67,68,4.16,broken clouds
656,Perivolion,GR,39.4206,20.0147,63.95,63,3,7.0,clear sky
657,Otane,NZ,-39.8833,176.6333,58.01,50,0,4.72,clear sky
658,Katete,UG,-0.7818,29.7544,59.95,96,100,2.24,overcast clouds
659,Nemuro,JP,43.3236,145.575,67.01,90,100,29.68,light rain
660,Savannah Bight,HN,16.45,-85.85,82.2,70,100,8.61,overcast clouds
661,Bell Ville,AR,-32.6259,-62.6887,67.66,42,49,18.28,scattered clouds
662,Lufilufi,WS,-13.8745,-171.5986,85.78,76,9,17.81,light rain
663,Divnomorskoye,RU,44.5011,38.1353,60.28,63,100,4.25,overcast clouds
664,Rudbar,AF,30.15,62.6,70.97,22,0,3.78,clear sky
665,Kumluca,TR,36.3703,30.2869,75.11,57,0,4.12,clear sky
666,Svetlaya,RU,46.5389,138.3297,48.88,38,61,14.29,broken clouds
667,Uspenka,UA,48.3903,39.1619,53.31,83,100,7.45,overcast clouds
668,Tongliao,CN,43.6125,122.2653,44.37,19,0,15.97,clear sky
669,Urumqi,CN,43.801,87.6005,38.35,48,0,6.71,clear sky
670,Robertsport,LR,6.7533,-11.3686,76.28,90,80,8.37,broken clouds
671,Baley,RU,51.6,116.6333,31.48,31,12,4.59,few clouds
672,Anchorage,US,61.2181,-149.9003,55.08,64,100,8.01,overcast clouds
673,Puquio,PE,-14.7,-74.1333,50.09,72,49,1.01,scattered clouds
674,Kudahuvadhoo,MV,2.6708,72.8944,81.59,76,100,17.81,light rain
675,Mayor Pablo Lagerenza,PY,-19.9309,-60.7718,72.01,41,4,4.99,clear sky
676,Chumphon,TH,10.3333,98.8333,77.36,83,97,5.17,overcast clouds
677,Hat Yai,TH,7.0084,100.4767,78.98,89,40,3.44,scattered clouds
678,Bilibino,RU,68.0546,166.4372,27.41,70,99,2.13,overcast clouds
679,Banda Aceh,ID,5.5577,95.3222,82.69,70,51,11.41,broken clouds
680,Russell,US,32.3502,-85.1999,67.28,82,0,3.44,clear sky
681,Severo-Yeniseyskiy,RU,60.3725,93.0408,27.73,72,86,4.0,overcast clouds
682,Sunrise Manor,US,36.2111,-115.0731,90.91,27,40,8.05,scattered clouds
683,Weilerswist,DE,50.7667,6.8333,49.66,91,75,1.14,broken clouds
684,Phangnga,TH,8.4509,98.5298,78.84,81,97,2.37,overcast clouds
685,Asau,RO,46.4333,26.4,45.52,85,57,5.01,broken clouds
686,Caravelas,BR,-17.7125,-39.2481,75.2,86,56,11.34,broken clouds
687,Palana,RU,59.1167,159.9667,42.82,76,100,7.14,overcast clouds
688,Chesterfield,US,37.3835,-77.5997,51.26,82,100,12.66,overcast clouds
689,Karpogory,RU,64.0019,44.4451,42.66,91,100,9.78,light rain
690,Northam,GB,51.0333,-4.2167,57.38,90,52,13.0,broken clouds
691,Ilhabela,BR,-23.7781,-45.3581,67.32,92,100,5.41,overcast clouds
692,Oban,GB,56.4127,-5.4706,60.39,88,100,21.94,light rain
693,Raton,US,36.9034,-104.4391,53.06,93,40,5.75,scattered clouds
694,Kiunga,PG,-6.1219,141.2906,90.25,57,93,3.98,overcast clouds
